ticker,company_name,price,chg_pct,net_score,bull,bear,verdict,bars,mode,Candle,Candle_label,Volume,Volume_label,SMA,SMA_label,Gaps,Gaps_label,Stoch,Stoch_label,CCI,CCI_label,RR,RR_label,fib_anchor,fib_swing_high,fib_swing_low,fib_direction,fib_entry,fib_entry_label,fib_stop,fib_stop_label,fib_t1,fib_t1_label,fib_t2,fib_t2_label,fib_t3,fib_t3_label,fib_rr_t1,fib_rr_t2,fib_rr_t3,fib_next_target,fib_next_label,fib_support_1,fib_resistance_1,fib_r_R 23p6,fib_r_R 38p2,fib_r_R 50p0,fib_r_R 61p8,fib_r_R 78p6,fib_e_E 100p0,fib_e_E 127p2,fib_e_E 138p2,fib_e_E 161p8,fib_e_E 200p0,fib_e_E 261p8
EXC,Exelon Corporation,45.61,,5,5,0,Strong bullish,251,Daily,bull,Bullish bar,neutral,In line with trend,bull,Near 20-period SMA (above),neutral,No open gaps nearby,bull,%K above %D (bullish cross),bull,Bullish zone,bull,Above SMA (acting as support),session (no premarket),46.03,44.15,bullish,45.31,R 38.2%,44.87,R 61.8%,46.03,E 100.0%,46.54,E 127.2%,47.19,E 161.8%,1.64,2.8,4.27,46.03,E 100.0%,45.59,46.03,45.59,45.31,45.09,44.87,44.55,46.03,46.54,46.75,47.19,47.91,49.07
ADP,"Automatic Data Processing, Inc.",231.1,,5,5,0,Strong bullish,251,Daily,bull,Bullish bar,neutral,In line with trend,bull,Near 20-period SMA (above),neutral,No open gaps nearby,bull,%K above %D (bullish cross),bull,Bullish zone,bull,Above SMA (acting as support),session (no premarket),237.11,223.95,bullish,232.08,R 38.2%,228.98,R 61.8%,237.11,E 100.0%,240.69,E 127.2%,245.24,E 161.8%,1.62,2.78,4.25,237.11,E 100.0%,230.53,232.08,234.0,232.08,230.53,228.98,226.77,237.11,240.69,242.14,245.24,250.27,258.4
ROST,"Ross Stores, Inc.",231.92,,5,5,0,Strong bullish,251,Daily,bull,Bullish bar,neutral,In line with trend,bull,Near 20-period SMA (above),neutral,No open gaps nearby,bull,%K above %D (bullish cross),bull,Bullish zone,bull,Breakout above prior resistance,session (no premarket),235.02,221.57,bullish,229.88,R 38.2%,226.7,R 61.8%,235.02,E 100.0%,238.68,E 127.2%,243.33,E 161.8%,1.62,2.77,4.23,235.02,E 100.0%,231.84,235.02,231.84,229.88,228.29,226.7,224.44,235.02,238.68,240.16,243.33,248.47,256.79
PAYX,"Paychex, Inc.",101.1,,3,4,1,Moderately bullish,251,Daily,bull,Bullish bar,neutral,In line with trend,bull,Near 20-period SMA (above),neutral,No open gaps nearby,bear,Overbought,bull,Bullish zone,bull,Above SMA (acting as support),session (no premarket),102.92,97.26,bullish,100.76,R 38.2%,99.42,R 61.8%,102.92,E 100.0%,104.46,E 127.2%,106.42,E 161.8%,1.61,2.76,4.22,102.92,E 100.0%,100.76,101.58,101.58,100.76,100.09,99.42,98.47,102.92,104.46,105.08,106.42,108.58,112.08
SHOP,Shopify Inc.,108.2,,3,4,1,Moderately bullish,251,Daily,bull,Stale red (3-bar reversal),neutral,Significantly below trend,bull,Near 20-period SMA (above),neutral,No open gaps nearby,bear,%K below %D (bearish cross),bull,Bullish zone,bull,Above SMA (acting as support),session (no premarket),124.62,106.4,bullish,117.66,R 38.2%,113.36,R 61.8%,124.62,E 100.0%,129.58,E 127.2%,135.89,E 161.8%,1.62,2.77,4.24,124.62,E 100.0%,,110.3,120.32,117.66,115.51,113.36,110.3,124.62,129.58,131.59,135.89,142.85,154.11
AXON,"Axon Enterprise, Inc.",447.59,,3,4,1,Moderately bullish,251,Daily,bull,Stale red (3-bar reversal),neutral,Significantly below trend,bull,Near 20-period SMA (above),neutral,No open gaps nearby,bear,%K below %D (bearish cross),bull,Bullish zone,bull,Breakout above prior resistance,session (no premarket),515.8,436.36,bullish,485.45,R 38.2%,466.71,R 61.8%,515.8,E 100.0%,537.41,E 127.2%,564.89,E 161.8%,1.62,2.77,4.24,515.8,E 100.0%,,453.36,497.05,485.45,476.08,466.71,453.36,515.8,537.41,546.15,564.89,595.24,644.33
FTNT,"Fortinet, Inc.",138.88,,3,4,1,Moderately bullish,251,Daily,bull,Bullish harami,neutral,In line with trend,bull,Near 20-period SMA (above),neutral,No open gaps nearby,bear,%K below %D (bearish cross),bull,Bullish zone,bull,Above SMA (acting as support),session (no premarket),150.07,133.05,bullish,143.57,R 38.2%,139.55,R 61.8%,150.07,E 100.0%,154.7,E 127.2%,160.59,E 161.8%,1.62,2.77,4.23,150.07,E 100.0%,136.69,139.55,146.05,143.57,141.56,139.55,136.69,150.07,154.7,156.57,160.59,167.09,177.61
PANW,"Palo Alto Networks, Inc.",263.22,,3,4,1,Moderately bullish,251,Daily,bull,Bullish bar,neutral,Significantly below trend,bull,Near 20-period SMA (above),neutral,No open gaps nearby,bear,%K below %D (bearish cross),bull,Bullish zone,bull,Above SMA (acting as support),session (no premarket),302.95,251.15,bullish,283.16,R 38.2%,270.94,R 61.8%,302.95,E 100.0%,317.04,E 127.2%,334.96,E 161.8%,1.62,2.77,4.24,302.95,E 100.0%,262.24,270.94,290.73,283.16,277.05,270.94,262.24,302.95,317.04,322.74,334.96,354.75,386.76
AEP,"American Electric Power Company, Inc.",128.53,,3,4,1,Moderately bullish,251,Daily,bull,Bullish bar,neutral,In line with trend,bull,Near 20-period SMA (above),neutral,No open gaps nearby,bull,%K above %D (bullish cross),bull,Bullish zone · Zero-line cross ↑,bear,Break below prior support,session (no premarket),130.22,123.74,bullish,127.74,R 38.2%,126.22,R 61.8%,130.22,E 100.0%,131.98,E 127.2%,134.22,E 161.8%,1.63,2.79,4.26,130.22,E 100.0%,127.74,128.69,128.69,127.74,126.98,126.22,125.13,130.22,131.98,132.7,134.22,136.7,140.7
TTWO,"Take-Two Interactive Software, Inc.",210.46,,3,4,1,Moderately bullish,251,Daily,bull,Bullish bar,neutral,Significantly below trend,bear,Wide divergence below SMA,neutral,No open gaps nearby,bull,Oversold,bull,Oversold (< -100),bull,Bounce off prior support,session (no premarket),231.02,207.91,bullish,222.19,R 38.2%,216.74,R 61.8%,231.02,E 100.0%,237.31,E 127.2%,245.3,E 161.8%,1.62,2.77,4.24,231.02,E 100.0%,,212.86,225.57,222.19,219.47,216.74,212.86,231.02,237.31,239.85,245.3,254.13,268.41
WDAY,"Workday, Inc.",137.47,,3,4,1,Moderately bullish,251,Daily,bull,Bullish bar,neutral,Significantly below trend,bull,Near 20-period SMA (above),neutral,No open gaps nearby,bear,%K below %D (bearish cross),bull,Bullish zone,bull,Above SMA (acting as support),session (no premarket),158.64,134.83,bullish,149.54,R 38.2%,143.93,R 61.8%,158.64,E 100.0%,165.12,E 127.2%,173.35,E 161.8%,1.62,2.78,4.24,158.64,E 100.0%,,139.93,153.02,149.54,146.74,143.93,139.93,158.64,165.12,167.74,173.35,182.45,197.16
ORLY,"O'Reilly Automotive, Inc.",90.46,,3,4,1,Moderately bullish,251,Daily,bear,Bearish harami,neutral,In line with trend,bull,Near 20-period SMA (above),neutral,No open gaps nearby,bull,%K above %D (bullish cross),bull,Bullish zone · Zero-line cross ↑,bull,Bounce off prior support,session (no premarket),91.32,85.35,bullish,89.04,R 38.2%,87.63,R 61.8%,91.32,E 100.0%,92.94,E 127.2%,95.0,E 161.8%,1.62,2.77,4.23,91.32,E 100.0%,89.91,91.32,89.91,89.04,88.33,87.63,86.63,91.32,92.94,93.59,95.0,97.28,100.97
CDNS,"Cadence Design Systems, Inc.",385.13,,3,4,1,Moderately bullish,251,Daily,bull,Bullish harami,neutral,In line with trend,bull,Near 20-period SMA (above),neutral,No open gaps nearby,bear,%K below %D (bearish cross),bull,Bullish zone,bull,Above SMA (acting as support),session (no premarket),416.69,373.54,bullish,400.21,R 38.2%,390.02,R 61.8%,416.69,E 100.0%,428.43,E 127.2%,443.36,E 161.8%,1.62,2.77,4.23,416.69,E 100.0%,382.77,390.02,406.51,400.21,395.12,390.02,382.77,416.69,428.43,433.17,443.36,459.84,486.51
GEHC,GE HealthCare Technologies Inc.,63.76,,2,4,2,Moderately bullish,251,Daily,bear,Bearish bar,neutral,In line with trend,bull,Near 20-period SMA (above),bull,1 open gap(s) below (support),bear,%K below %D (bearish cross) · Wide,bull,Bullish zone,bull,Above SMA (acting as support),session (no premarket),66.41,60.73,bullish,64.24,R 38.2%,62.9,R 61.8%,66.41,E 100.0%,67.95,E 127.2%,69.92,E 161.8%,1.62,2.77,4.24,66.41,E 100.0%,63.57,64.24,65.07,64.24,63.57,62.9,61.95,66.41,67.95,68.58,69.92,72.09,75.6
ODFL,"Old Dominion Freight Line, Inc.",235.95,,2,4,2,Moderately bullish,251,Daily,bear,Stale green (3-bar exhaustion),bull,Significantly above trend,bull,Wide divergence above SMA,neutral,No open gaps nearby,bear,%K below %D (bearish cross) · Wide,bull,Bullish zone,bull,Breakout above prior resistance,session (no premarket),252.03,217.85,bullish,238.97,R 38.2%,230.91,R 61.8%,252.03,E 100.0%,261.33,E 127.2%,273.15,E 161.8%,1.62,2.77,4.24,252.03,E 100.0%,234.94,238.97,243.96,238.97,234.94,230.91,225.17,252.03,261.33,265.09,273.15,286.21,307.33
SNPS,"Synopsys, Inc.",460.54,,2,4,2,Moderately bullish,251,Daily,bull,Inverted hammer,neutral,In line with trend,bear,Wide divergence below SMA,bull,1 open gap(s) below (support),bull,Oversold,bull,Oversold (< -100),bear,Below SMA (acting as resistance),session (no premarket),508.72,451.0,bullish,486.67,R 38.2%,473.05,R 61.8%,508.72,E 100.0%,524.42,E 127.2%,544.39,E 161.8%,1.62,2.77,4.24,508.72,E 100.0%,,463.35,495.1,486.67,479.86,473.05,463.35,508.72,524.42,530.77,544.39,566.44,602.11
MAR,"Marriott International, Inc.",386.23,,2,4,2,Moderately bullish,251,Daily,bull,Stale red (3-bar reversal),bear,Above trend,bull,Near 20-period SMA (above),neutral,No open gaps nearby,bear,%K below %D (bearish cross),bull,Bullish zone,bull,Breakout above prior resistance,session (no premarket),398.96,370.58,bullish,388.12,R 38.2%,381.42,R 61.8%,398.96,E 100.0%,406.68,E 127.2%,416.5,E 161.8%,1.62,2.77,4.24,398.96,E 100.0%,384.77,388.12,392.26,388.12,384.77,381.42,376.65,398.96,406.68,409.8,416.5,427.34,444.88
MNST,Monster Beverage Corporation,91.21,,2,4,2,Moderately bullish,251,Daily,bull,Bullish bar,bull,Above trend,bull,Near 20-period SMA (above),neutral,No open gaps nearby,bear,Overbought,bear,Overbought (> +100),bull,Above SMA (acting as support),session (no premarket),91.47,87.23,bullish,89.85,R 38.2%,88.85,R 61.8%,91.47,E 100.0%,92.62,E 127.2%,94.09,E 161.8%,1.62,2.77,4.24,91.47,E 100.0%,90.47,91.47,90.47,89.85,89.35,88.85,88.14,91.47,92.62,93.09,94.09,95.71,98.33
AMGN,Amgen Inc.,337.73,,2,4,2,Moderately bullish,251,Daily,bull,Stale red (3-bar reversal),bear,Above trend,bull,Near 20-period SMA (above),neutral,No open gaps nearby,bear,%K below %D (bearish cross),bull,Bullish zone,bull,Above SMA (acting as support),session (no premarket),356.5,322.3,bullish,343.44,R 38.2%,335.36,R 61.8%,356.5,E 100.0%,365.8,E 127.2%,377.64,E 161.8%,1.62,2.77,4.23,356.5,E 100.0%,335.36,339.4,348.43,343.44,339.4,335.36,329.62,356.5,365.8,369.56,377.64,390.7,411.84
CTAS,Cintas Corporation,180.4,,2,4,2,Moderately bullish,251,Daily,bull,Bullish bar,bull,Above trend,bull,Near 20-period SMA (above),neutral,No open gaps nearby,bear,Overbought · Wide divergence,bear,Overbought (> +100),bull,Breakout above prior resistance,session (no premarket),182.73,168.34,bullish,177.23,R 38.2%,173.84,R 61.8%,182.73,E 100.0%,186.64,E 127.2%,191.62,E 161.8%,1.62,2.78,4.24,182.73,E 100.0%,179.33,182.73,179.33,177.23,175.53,173.84,171.42,182.73,186.64,188.23,191.62,197.12,206.01
ADBE,Adobe Inc.,233.38,,1,3,2,Neutral,251,Daily,bull,Inverted hammer,neutral,In line with trend,bear,Wide divergence below SMA,neutral,No open gaps nearby,bull,Oversold,bull,Oversold (< -100),bear,Break below prior support,session (no premarket),275.44,231.74,bullish,258.75,R 38.2%,248.43,R 61.8%,275.44,E 100.0%,287.33,E 127.2%,302.45,E 161.8%,1.62,2.77,4.23,275.44,E 100.0%,,241.09,265.13,258.75,253.59,248.43,241.09,275.44,287.33,292.13,302.45,319.14,346.15
FAST,Fastenal Company,46.03,,1,3,2,Neutral,251,Daily,bear,Bearish bar,neutral,In line with trend,bull,Near 20-period SMA (above),neutral,No open gaps nearby,bear,%K below %D (bearish cross),bull,Bullish zone,bull,Breakout above prior resistance,session (no premarket),47.78,43.26,bullish,46.05,R 38.2%,44.99,R 61.8%,47.78,E 100.0%,49.01,E 127.2%,50.57,E 161.8%,1.63,2.79,4.26,47.78,E 100.0%,45.52,46.05,46.71,46.05,45.52,44.99,44.23,47.78,49.01,49.51,50.57,52.3,55.09
MSFT,Microsoft Corporation,397.36,,1,3,2,Neutral,251,Daily,bear,Shooting star,neutral,In line with trend,bear,Wide divergence below SMA,neutral,No open gaps nearby,bull,Oversold,bull,Oversold (< -100),bull,Bounce off prior support,session (no premarket),466.32,397.18,bullish,439.91,R 38.2%,423.59,R 61.8%,466.32,E 100.0%,485.13,E 127.2%,509.05,E 161.8%,1.62,2.77,4.24,466.32,E 100.0%,,411.98,450.0,439.91,431.75,423.59,411.98,466.32,485.13,492.73,509.05,535.46,578.19
QCOM,QUALCOMM Incorporated,191.2,,1,3,2,Neutral,251,Daily,bull,Stale red (3-bar reversal),neutral,In line with trend,bear,Wide divergence below SMA,neutral,No open gaps nearby,bull,Oversold · Wide divergence,bull,Oversold (< -100),bear,Below SMA (acting as resistance),session (no premarket),254.15,190.1,bullish,229.68,R 38.2%,214.57,R 61.8%,254.15,E 100.0%,271.57,E 127.2%,293.74,E 161.8%,1.62,2.77,4.24,254.15,E 100.0%,,203.81,239.04,229.68,222.13,214.57,203.81,254.15,271.57,278.62,293.74,318.2,357.79
TRI,Thomson Reuters Corporation,81.96,,1,3,2,Neutral,251,Daily,bull,Bullish harami,neutral,In line with trend,bear,Near 20-period SMA (below),neutral,No open gaps nearby,bull,Oversold,bull,Oversold (< -100),bear,Below SMA (acting as resistance),session (no premarket),94.1,79.65,bullish,88.58,R 38.2%,85.17,R 61.8%,94.1,E 100.0%,98.03,E 127.2%,103.03,E 161.8%,1.62,2.77,4.24,94.1,E 100.0%,,82.74,90.69,88.58,86.88,85.17,82.74,94.1,98.03,99.62,103.03,108.55,117.48
ROP,"Roper Technologies, Inc.",334.1,,1,3,2,Neutral,251,Daily,bear,Bearish harami,neutral,In line with trend,bull,Near 20-period SMA (above),neutral,No open gaps nearby,bear,%K below %D (bearish cross),bull,Bullish zone,bull,Above SMA (acting as support),session (no premarket),347.08,326.9,bullish,339.37,R 38.2%,334.61,R 61.8%,347.08,E 100.0%,352.57,E 127.2%,359.55,E 161.8%,1.62,2.77,4.24,347.08,E 100.0%,331.22,334.61,342.32,339.37,336.99,334.61,331.22,347.08,352.57,354.79,359.55,367.26,379.73
CEG,Constellation Energy Corporation,242.3,,1,3,2,Neutral,251,Daily,bull,Stale red (3-bar reversal),neutral,In line with trend,bear,Wide divergence below SMA,neutral,No open gaps nearby,bull,Oversold,bull,Oversold (< -100),bear,Below SMA (acting as resistance),session (no premarket),278.61,240.51,bullish,264.06,R 38.2%,255.06,R 61.8%,278.61,E 100.0%,288.97,E 127.2%,302.16,E 161.8%,1.62,2.77,4.23,278.61,E 100.0%,,248.66,269.62,264.06,259.56,255.06,248.66,278.61,288.97,293.16,302.16,316.71,340.26
ZS,"Zscaler, Inc.",124.73,,1,3,2,Neutral,251,Daily,bull,Bullish harami,neutral,Significantly below trend,bear,Wide divergence below SMA,neutral,No open gaps nearby,bull,Oversold,bear,Bearish zone,bull,Bounce off prior support,session (no premarket),157.7,120.85,bullish,143.62,R 38.2%,134.93,R 61.8%,157.7,E 100.0%,167.72,E 127.2%,180.47,E 161.8%,1.62,2.77,4.24,157.7,E 100.0%,,128.74,149.0,143.62,139.28,134.93,128.74,157.7,167.72,171.78,180.47,194.55,217.32
NFLX,"Netflix, Inc.",82.0,,1,3,2,Neutral,251,Daily,bull,Bullish harami,neutral,In line with trend,bear,Near 20-period SMA (below),neutral,No open gaps nearby,bull,Oversold,bull,Oversold (< -100),bear,Below SMA (acting as resistance),session (no premarket),87.23,80.98,bullish,84.84,R 38.2%,83.37,R 61.8%,87.23,E 100.0%,88.93,E 127.2%,91.09,E 161.8%,1.63,2.78,4.25,87.23,E 100.0%,,82.32,85.75,84.84,84.1,83.37,82.32,87.23,88.93,89.62,91.09,93.48,97.35
DXCM,"DexCom, Inc.",74.77,,1,3,2,Neutral,251,Daily,bear,Bearish engulfing,neutral,Significantly below trend,bull,Wide divergence above SMA,neutral,No open gaps nearby,bear,%K below %D (bearish cross) · Wide,bull,Bullish zone,bull,Above SMA (acting as support),session (no premarket),78.91,71.53,bullish,76.09,R 38.2%,74.35,R 61.8%,78.91,E 100.0%,80.92,E 127.2%,83.47,E 161.8%,1.62,2.78,4.24,78.91,E 100.0%,74.35,75.22,77.17,76.09,75.22,74.35,73.11,78.91,80.92,81.73,83.47,86.29,90.85
IDXX,"IDEXX Laboratories, Inc.",556.94,,1,3,2,Neutral,251,Daily,bear,Bearish bar,neutral,In line with trend,bull,Near 20-period SMA (above),neutral,No open gaps nearby,bear,%K below %D (bearish cross) · Wide,bull,Bullish zone,bull,Above SMA (acting as support),session (no premarket),581.47,547.57,bullish,568.52,R 38.2%,560.52,R 61.8%,581.47,E 100.0%,590.69,E 127.2%,602.42,E 161.8%,1.62,2.77,4.24,581.47,E 100.0%,554.82,560.52,573.47,568.52,564.52,560.52,554.82,581.47,590.69,594.42,602.42,615.37,636.32
CSX,CSX Corporation,46.41,,1,3,2,Neutral,251,Daily,bear,Bearish bar,neutral,In line with trend,bull,Near 20-period SMA (above),neutral,No open gaps nearby,bear,%K below %D (bearish cross) · Wide,bull,Bullish zone,bull,Breakout above prior resistance,session (no premarket),47.55,44.79,bullish,46.5,R 38.2%,45.84,R 61.8%,47.55,E 100.0%,48.3,E 127.2%,49.26,E 161.8%,1.59,2.73,4.18,47.55,E 100.0%,46.17,46.5,46.9,46.5,46.17,45.84,45.38,47.55,48.3,48.6,49.26,50.31,52.02
GOOG,Alphabet Inc.,353.32,,1,3,2,Neutral,251,Daily,bull,Stale red (3-bar reversal),neutral,In line with trend,bear,Wide divergence below SMA,neutral,No open gaps nearby,bull,Oversold,bull,Oversold (< -100),bear,Below SMA (acting as resistance),session (no premarket),374.37,352.81,bullish,366.14,R 38.2%,361.05,R 61.8%,374.37,E 100.0%,380.24,E 127.2%,387.7,E 161.8%,1.62,2.77,4.24,374.37,E 100.0%,,357.42,369.29,366.14,363.59,361.05,357.42,374.37,380.24,382.61,387.7,395.94,409.27
MRVL,"Marvell Technology, Inc.",252.59,,1,3,2,Neutral,251,Daily,bear,Bearish bar,neutral,In line with trend,bull,Wide divergence above SMA,neutral,No open gaps nearby,bear,%K below %D (bearish cross),bull,Bullish zone,bull,Above SMA (acting as support),session (no premarket),324.2,195.12,bullish,274.89,R 38.2%,244.43,R 61.8%,324.2,E 100.0%,359.31,E 127.2%,403.97,E 161.8%,1.62,2.77,4.24,324.2,E 100.0%,244.43,259.66,293.74,274.89,259.66,244.43,222.74,324.2,359.31,373.51,403.97,453.28,533.05
VRSK,"Verisk Analytics, Inc.",183.13,,1,3,2,Neutral,251,Daily,bull,Bullish bar,neutral,In line with trend,bull,Wide divergence above SMA,neutral,No open gaps nearby,bear,Overbought,bear,Overbought (> +100),bull,Above SMA (acting as support),session (no premarket),185.26,174.99,bullish,181.34,R 38.2%,178.92,R 61.8%,185.26,E 100.0%,188.06,E 127.2%,191.61,E 161.8%,1.62,2.78,4.24,185.26,E 100.0%,182.84,185.26,182.84,181.34,180.13,178.92,177.19,185.26,188.06,189.19,191.61,195.54,201.89
META,"Meta Platforms, Inc.",570.98,,1,3,2,Neutral,251,Daily,bull,Stale red (3-bar reversal),neutral,In line with trend,bear,Wide divergence below SMA,neutral,No open gaps nearby,bull,Oversold,bull,Oversold (< -100),bear,Below SMA (acting as resistance),session (no premarket),642.4,570.6,bullish,614.97,R 38.2%,598.03,R 61.8%,642.4,E 100.0%,661.93,E 127.2%,686.77,E 161.8%,1.62,2.77,4.24,642.4,E 100.0%,,585.97,625.46,614.97,606.5,598.03,585.97,642.4,661.93,669.83,686.77,714.2,758.57
MDLZ,"Mondelez International, Inc.",64.18,,1,3,2,Neutral,251,Daily,bull,Bullish bar,neutral,In line with trend,bull,Near 20-period SMA (above),neutral,No open gaps nearby,bear,Overbought · Wide divergence,bear,Overbought (> +100),bull,Above SMA (acting as support),session (no premarket),64.35,59.95,bullish,62.67,R 38.2%,61.63,R 61.8%,64.35,E 100.0%,65.54,E 127.2%,67.06,E 161.8%,1.62,2.76,4.22,64.35,E 100.0%,63.31,64.35,63.31,62.67,62.15,61.63,60.89,64.35,65.54,66.02,67.06,68.74,71.46
GOOGL,Alphabet Inc.,356.38,,1,3,2,Neutral,251,Daily,bull,Stale red (3-bar reversal),neutral,In line with trend,bear,Wide divergence below SMA,neutral,No open gaps nearby,bull,Oversold,bull,Oversold (< -100),bear,Below SMA (acting as resistance),session (no premarket),378.33,355.23,bullish,369.51,R 38.2%,364.06,R 61.8%,378.33,E 100.0%,384.62,E 127.2%,392.61,E 161.8%,1.62,2.77,4.24,378.33,E 100.0%,,360.17,372.88,369.51,366.78,364.06,360.17,378.33,384.62,387.16,392.61,401.44,415.72
ADSK,"Autodesk, Inc.",221.28,,1,3,2,Neutral,251,Daily,bull,Bullish bar,neutral,Significantly below trend,bear,Wide divergence below SMA,neutral,No open gaps nearby,bull,Oversold,bull,Oversold (< -100),bear,Below SMA (acting as resistance),session (no premarket),250.49,218.0,bullish,238.08,R 38.2%,230.41,R 61.8%,250.49,E 100.0%,259.33,E 127.2%,270.57,E 161.8%,1.62,2.77,4.24,250.49,E 100.0%,,224.95,242.82,238.08,234.25,230.41,224.95,250.49,259.33,262.9,270.57,282.98,303.06
NVDA,NVIDIA Corporation,200.42,,1,3,2,Neutral,251,Daily,bull,Stale red (3-bar reversal),neutral,In line with trend,bear,Wide divergence below SMA,neutral,No open gaps nearby,bull,Oversold,bull,Oversold (< -100),bear,Below SMA (acting as resistance),session (no premarket),232.01,199.34,bullish,219.53,R 38.2%,211.82,R 61.8%,232.01,E 100.0%,240.9,E 127.2%,252.2,E 161.8%,1.62,2.77,4.24,232.01,E 100.0%,,206.33,224.3,219.53,215.67,211.82,206.33,232.01,240.9,244.49,252.2,264.68,284.87
AMZN,"Amazon.com, Inc.",238.0,,1,3,2,Neutral,251,Daily,bull,Stale red (3-bar reversal),neutral,In line with trend,bear,Wide divergence below SMA,neutral,No open gaps nearby,bull,Oversold,bull,Oversold (< -100),bear,Below SMA (acting as resistance),session (no premarket),266.63,237.45,bullish,255.48,R 38.2%,248.6,R 61.8%,266.63,E 100.0%,274.57,E 127.2%,284.66,E 161.8%,1.62,2.77,4.24,266.63,E 100.0%,,243.69,259.74,255.48,252.04,248.6,243.69,266.63,274.57,277.78,284.66,295.81,313.84
MCHP,Microchip Technology Incorporated,87.91,,1,3,2,Neutral,251,Daily,bull,Stale red (3-bar reversal),neutral,In line with trend,bear,Wide divergence below SMA,neutral,No open gaps nearby,bull,Oversold,bull,Oversold (< -100),bear,Below SMA (acting as resistance),session (no premarket),99.6,85.28,bullish,94.13,R 38.2%,90.75,R 61.8%,99.6,E 100.0%,103.5,E 127.2%,108.45,E 161.8%,1.62,2.77,4.24,99.6,E 100.0%,,88.34,96.22,94.13,92.44,90.75,88.34,99.6,103.5,105.07,108.45,113.92,122.77
MU,"Micron Technology, Inc.",891.88,,1,3,2,Neutral,251,Daily,bear,Shooting star,neutral,In line with trend,bull,Near 20-period SMA (above),neutral,No open gaps nearby,bear,%K below %D (bearish cross),bull,Bullish zone,bull,Above SMA (acting as support),session (no premarket),1089.29,854.35,bullish,999.54,R 38.2%,944.1,R 61.8%,1089.29,E 100.0%,1153.19,E 127.2%,1234.48,E 161.8%,1.62,2.77,4.24,1089.29,E 100.0%,,904.63,1033.84,999.54,971.82,944.1,904.63,1089.29,1153.19,1179.04,1234.48,1324.23,1469.42
AAPL,Apple Inc.,291.58,,1,3,2,Neutral,251,Daily,bull,Bullish harami,neutral,In line with trend,bear,Near 20-period SMA (below),neutral,No open gaps nearby,bull,Oversold,bull,Oversold (< -100),bear,Rejection at prior resistance,session (no premarket),317.4,287.38,bullish,305.93,R 38.2%,298.85,R 61.8%,317.4,E 100.0%,325.57,E 127.2%,335.95,E 161.8%,1.62,2.77,4.24,317.4,E 100.0%,,293.8,310.32,305.93,302.39,298.85,293.8,317.4,325.57,328.87,335.95,347.42,365.97
COST,Costco Wholesale Corporation,983.37,,1,3,2,Neutral,251,Daily,bull,Hammer,neutral,Significantly below trend,bear,Near 20-period SMA (below),neutral,No open gaps nearby,bull,%K above %D (bullish cross),bear,Bearish zone,bull,Bounce off prior support,session (no premarket),997.41,936.51,bullish,974.15,R 38.2%,959.77,R 61.8%,997.41,E 100.0%,1013.97,E 127.2%,1035.05,E 161.8%,1.62,2.77,4.24,997.41,E 100.0%,983.04,997.41,983.04,974.15,966.96,959.77,949.54,997.41,1013.97,1020.67,1035.05,1058.31,1095.95
PCAR,PACCAR Inc,113.99,-4.76,1,3,2,Neutral,251,Daily,bear,Bearish engulfing,neutral,In line with trend,bull,Near 20-period SMA (above),neutral,No open gaps nearby,bear,%K below %D (bearish cross) · Wide,bull,Bullish zone,bull,Above SMA (acting as support),session (no premarket),120.95,106.77,bullish,115.53,R 38.2%,112.19,R 61.8%,120.95,E 100.0%,124.8,E 127.2%,129.71,E 161.8%,1.62,2.78,4.25,120.95,E 100.0%,113.86,115.53,117.6,115.53,113.86,112.19,109.8,120.95,124.8,126.36,129.71,135.12,143.88
FER,Ferrovial SE,64.3,,0,3,3,Neutral,251,Daily,bull,Stale red (3-bar reversal),bear,Above trend,bear,Near 20-period SMA (below),neutral,No open gaps nearby,bull,Oversold,bull,Oversold (< -100),bear,Below SMA (acting as resistance),session (no premarket),67.67,64.11,neutral,65.89,R 50.0%,64.87,R 78.6%,66.83,R 23.6%,67.67,E 100.0%,68.64,E 127.2%,0.92,1.75,2.7,65.89,R 50.0%,,64.87,66.83,66.31,65.89,65.47,64.87,67.67,68.64,69.03,69.87,71.23,73.44
LIN,Linde plc,509.16,,0,3,3,Neutral,251,Daily,bear,Bearish bar,bear,Above trend,bull,Near 20-period SMA (above),neutral,No open gaps nearby,bear,%K below %D (bearish cross),bull,Bullish zone,bull,Above SMA (acting as support),session (no premarket),522.89,487.34,neutral,505.11,R 50.0%,494.95,R 78.6%,514.5,R 23.6%,522.89,E 100.0%,532.56,E 127.2%,0.92,1.75,2.7,505.11,R 50.0%,505.11,509.31,514.5,509.31,505.11,500.92,494.95,522.89,532.56,536.47,544.86,558.44,580.41
PEP,"PepsiCo, Inc.",144.32,,0,3,3,Neutral,251,Daily,bull,Bullish bar,bull,Above trend,bear,Near 20-period SMA (below),neutral,No open gaps nearby,bull,%K above %D (bullish cross) · Wide,bear,Bearish zone,bear,Break below prior support,session (no premarket),145.45,139.26,neutral,142.35,R 50.0%,140.58,R 78.6%,143.99,R 23.6%,145.45,E 100.0%,147.13,E 127.2%,0.93,1.75,2.7,142.35,R 50.0%,143.99,145.45,143.99,143.09,142.35,141.62,140.58,145.45,147.13,147.81,149.28,151.64,155.47
AVGO,Broadcom Inc.,372.1,,0,3,3,Neutral,251,Daily,bull,Stale red (3-bar reversal),bear,Above trend,bear,Wide divergence below SMA,neutral,No open gaps nearby,bull,Oversold,bull,Oversold (< -100),bear,Below SMA (acting as resistance),session (no premarket),495.0,370.33,neutral,432.66,R 50.0%,397.01,R 78.6%,465.58,R 23.6%,495.0,E 100.0%,528.91,E 127.2%,0.92,1.75,2.7,432.66,R 50.0%,,397.01,465.58,447.38,432.66,417.95,397.01,495.0,528.91,542.62,572.05,619.67,696.72
LRCX,Lam Research Corporation,321.8,,0,3,3,Neutral,251,Daily,bear,Bearish bar,bear,Above trend,bull,Near 20-period SMA (above),neutral,No open gaps nearby,bear,%K below %D (bearish cross),bull,Bullish zone,bull,Above SMA (acting as support),session (no premarket),349.09,302.74,neutral,325.91,R 50.0%,312.66,R 78.6%,338.15,R 23.6%,349.09,E 100.0%,361.7,E 127.2%,0.92,1.75,2.7,325.91,R 50.0%,320.45,325.91,338.15,331.38,325.91,320.45,312.66,349.09,361.7,366.8,377.73,395.44,424.08
GILD,"Gilead Sciences, Inc.",121.48,,0,3,3,Neutral,251,Daily,bull,Stale red (3-bar reversal),bear,Above trend,bear,Wide divergence below SMA,neutral,No open gaps nearby,bull,Oversold,bull,Oversold (< -100),bear,Below SMA (acting as resistance),session (no premarket),133.99,121.39,neutral,127.69,R 50.0%,124.09,R 78.6%,131.02,R 23.6%,133.99,E 100.0%,137.42,E 127.2%,0.93,1.75,2.7,127.69,R 50.0%,,124.09,131.02,129.18,127.69,126.2,124.09,133.99,137.42,138.8,141.78,146.59,154.38
WMT,Walmart Inc.,120.59,,-1,2,3,Neutral,251,Daily,bull,Hammer,neutral,In line with trend,bear,Near 20-period SMA (below),neutral,No open gaps nearby,bull,%K above %D (bullish cross) · Wide,bear,Bearish zone,bear,Break below prior support,session (no premarket),120.89,112.73,bearish,115.85,R 38.2%,117.77,R 61.8%,112.73,E 100.0%,110.51,E 127.2%,107.69,E 161.8%,1.62,2.78,4.25,112.73,E 100.0%,119.14,,114.66,115.85,116.81,117.77,119.14,112.73,110.51,109.61,107.69,104.57,99.53
MSTR,Strategy Inc,115.35,,-1,2,3,Neutral,251,Daily,bear,Shooting star,neutral,In line with trend,bear,Wide divergence below SMA,neutral,No open gaps nearby,bull,Oversold,bull,Oversold (< -100),bear,Below SMA (acting as resistance),session (no premarket),153.87,114.21,bearish,129.36,R 38.2%,138.72,R 61.8%,114.21,E 100.0%,103.42,E 127.2%,89.7,E 161.8%,1.62,2.77,4.24,114.21,E 100.0%,114.21,123.57,123.57,129.36,134.04,138.72,145.38,114.21,103.42,99.06,89.7,74.55,50.04
PLTR,Palantir Technologies Inc.,130.21,,-1,2,3,Neutral,251,Daily,bull,Bullish harami,neutral,In line with trend,bear,Wide divergence below SMA,neutral,No open gaps nearby,bull,Oversold,bear,Bearish zone,bear,Break below prior support,session (no premarket),163.7,127.35,bearish,141.24,R 38.2%,149.81,R 61.8%,127.35,E 100.0%,117.46,E 127.2%,104.89,E 161.8%,1.62,2.77,4.24,127.35,E 100.0%,127.35,135.93,135.93,141.24,145.52,149.81,155.92,127.35,117.46,113.46,104.89,91.0,68.54
CCEP,Coca-Cola Europacific Partners PLC,97.51,,-1,2,3,Neutral,251,Daily,bull,Inverted hammer,neutral,In line with trend,bull,Wide divergence above SMA,neutral,No open gaps nearby,bear,Overbought,bear,Overbought (> +100),bear,Rejection at prior resistance,session (no premarket),98.88,89.24,bearish,92.92,R 38.2%,95.2,R 61.8%,89.24,E 100.0%,86.62,E 127.2%,83.28,E 161.8%,1.61,2.76,4.23,89.24,E 100.0%,96.82,,91.52,92.92,94.06,95.2,96.82,89.24,86.62,85.56,83.28,79.6,73.64
DASH,"DoorDash, Inc.",151.0,,-1,2,3,Neutral,251,Daily,bear,Bearish bar,neutral,Significantly below trend,bear,Near 20-period SMA (below),neutral,No open gaps nearby,bull,Oversold · Wide divergence,bull,Oversold (< -100),bear,Break below prior support,session (no premarket),166.52,150.86,bearish,156.84,R 38.2%,160.54,R 61.8%,150.86,E 100.0%,146.6,E 127.2%,141.18,E 161.8%,1.62,2.77,4.23,150.86,E 100.0%,150.86,154.56,154.56,156.84,158.69,160.54,163.17,150.86,146.6,144.88,141.18,135.2,125.52
ABNB,"Airbnb, Inc.",129.1,,-1,2,3,Neutral,251,Daily,bear,Bearish bar,neutral,In line with trend,bear,Near 20-period SMA (below),neutral,No open gaps nearby,bull,Oversold · Wide divergence,bull,Oversold (< -100),bear,Below SMA (acting as resistance),session (no premarket),138.04,128.39,bearish,132.08,R 38.2%,134.35,R 61.8%,128.39,E 100.0%,125.77,E 127.2%,122.43,E 161.8%,1.63,2.78,4.25,128.39,E 100.0%,128.39,130.67,130.67,132.08,133.21,134.35,135.97,128.39,125.77,124.7,122.43,118.74,112.78
CRWD,"CrowdStrike Holdings, Inc.",647.74,,-1,2,3,Neutral,251,Daily,bull,Bullish bar,neutral,Significantly below trend,bear,Near 20-period SMA (below),neutral,No open gaps nearby,bull,Oversold,bear,Bearish zone,bear,Below SMA (acting as resistance),session (no premarket),785.66,617.74,bearish,681.89,R 38.2%,721.51,R 61.8%,617.74,E 100.0%,572.07,E 127.2%,513.97,E 161.8%,1.62,2.77,4.24,617.74,E 100.0%,617.74,657.37,657.37,681.89,701.7,721.51,749.73,617.74,572.07,553.59,513.97,449.82,346.05
HON,Honeywell International Inc.,205.88,,-1,2,3,Neutral,251,Daily,bear,Bearish bar,neutral,In line with trend,bear,Wide divergence below SMA,neutral,No open gaps nearby,bull,Oversold,bull,Oversold (< -100),bear,Break below prior support,session (no premarket),239.01,205.52,bearish,218.31,R 38.2%,226.22,R 61.8%,205.52,E 100.0%,196.41,E 127.2%,184.82,E 161.8%,1.62,2.77,4.23,205.52,E 100.0%,205.52,213.42,213.42,218.31,222.26,226.22,231.84,205.52,196.41,192.73,184.82,172.03,151.33
PDD,PDD Holdings Inc.,81.82,,-1,2,3,Neutral,251,Daily,bull,Bullish harami,neutral,Significantly below trend,bear,Wide divergence below SMA,neutral,No open gaps nearby,bull,Oversold,bear,Bearish zone,bear,Below SMA (acting as resistance),session (no premarket),90.09,81.01,bearish,84.48,R 38.2%,86.62,R 61.8%,81.01,E 100.0%,78.54,E 127.2%,75.4,E 161.8%,1.62,2.78,4.24,81.01,E 100.0%,81.01,83.15,83.15,84.48,85.55,86.62,88.15,81.01,78.54,77.54,75.4,71.93,66.32
CSGP,"CoStar Group, Inc.",34.23,,-1,2,3,Neutral,251,Daily,bear,Stale green (3-bar exhaustion),neutral,Significantly below trend,bull,Near 20-period SMA (above),neutral,No open gaps nearby,bear,Overbought,bear,Overbought (> +100),bull,Above SMA (acting as support),session (no premarket),34.82,31.7,bearish,32.89,R 38.2%,33.63,R 61.8%,31.7,E 100.0%,30.85,E 127.2%,29.77,E 161.8%,1.61,2.76,4.22,31.7,E 100.0%,34.15,,32.44,32.89,33.26,33.63,34.15,31.7,30.85,30.51,29.77,28.58,26.65
PYPL,"PayPal Holdings, Inc.",40.7,,-1,2,3,Neutral,251,Daily,bear,Bearish bar,neutral,In line with trend,bear,Wide divergence below SMA,neutral,No open gaps nearby,bull,Oversold,bull,Oversold (< -100),bear,Below SMA (acting as resistance),session (no premarket),45.83,40.51,bearish,42.54,R 38.2%,43.8,R 61.8%,40.51,E 100.0%,39.06,E 127.2%,37.22,E 161.8%,1.61,2.76,4.22,40.51,E 100.0%,40.51,41.77,41.77,42.54,43.17,43.8,44.69,40.51,39.06,38.48,37.22,35.19,31.9
KHC,The Kraft Heinz Company,24.05,,-1,2,3,Neutral,251,Daily,bear,Stale green (3-bar exhaustion),neutral,In line with trend,bull,Near 20-period SMA (above),neutral,No open gaps nearby,bear,Overbought · Wide divergence,bear,Overbought (> +100),bull,Breakout above prior resistance,session (no premarket),24.15,21.96,bearish,22.8,R 38.2%,23.31,R 61.8%,21.96,E 100.0%,21.37,E 127.2%,20.61,E 161.8%,1.65,2.8,4.29,21.96,E 100.0%,23.68,,22.48,22.8,23.06,23.31,23.68,21.96,21.37,21.13,20.61,19.77,18.42
NXPI,NXP Semiconductors N.V.,285.56,,-1,2,3,Neutral,251,Daily,bull,Stale red (3-bar reversal),neutral,In line with trend,bear,Wide divergence below SMA,neutral,No open gaps nearby,bull,Oversold,bear,Bearish zone,bear,Below SMA (acting as resistance),session (no premarket),328.21,279.36,bearish,298.02,R 38.2%,309.55,R 61.8%,279.36,E 100.0%,266.07,E 127.2%,249.17,E 161.8%,1.62,2.77,4.24,279.36,E 100.0%,279.36,290.89,290.89,298.02,303.78,309.55,317.76,279.36,266.07,260.7,249.17,230.51,200.32
TSLA,"Tesla, Inc.",381.59,,-1,2,3,Neutral,251,Daily,bear,Bearish bar,neutral,In line with trend,bear,Wide divergence below SMA,neutral,No open gaps nearby,bull,Oversold · Wide divergence,bull,Oversold (< -100),bear,Below SMA (acting as resistance),session (no premarket),433.6,380.15,bearish,400.57,R 38.2%,413.18,R 61.8%,380.15,E 100.0%,365.61,E 127.2%,347.12,E 161.8%,1.62,2.77,4.24,380.15,E 100.0%,380.15,392.76,392.76,400.57,406.88,413.18,422.16,380.15,365.61,359.73,347.12,326.7,293.67
EA,Electronic Arts Inc.,203.2,,-1,2,3,Neutral,251,Daily,bull,Inverted hammer,neutral,In line with trend,bull,Near 20-period SMA (above),neutral,No open gaps nearby,bear,Overbought,bear,Overbought (> +100),bear,Rejection at prior resistance,session (no premarket),203.9,201.54,bearish,202.44,R 38.2%,203.0,R 61.8%,201.54,E 100.0%,200.9,E 127.2%,200.08,E 161.8%,1.61,2.75,4.21,201.54,E 100.0%,203.0,203.39,202.1,202.44,202.72,203.0,203.39,201.54,200.9,200.64,200.08,199.18,197.72
TXN,Texas Instruments Incorporated,282.01,,-1,2,3,Neutral,251,Daily,bear,Shooting star,neutral,In line with trend,bear,Wide divergence below SMA,neutral,No open gaps nearby,bull,Oversold,bull,Oversold (< -100),bear,Below SMA (acting as resistance),session (no premarket),312.76,273.88,bearish,288.73,R 38.2%,297.91,R 61.8%,273.88,E 100.0%,263.3,E 127.2%,249.85,E 161.8%,1.62,2.77,4.24,273.88,E 100.0%,273.88,283.06,283.06,288.73,293.32,297.91,304.44,273.88,263.3,259.03,249.85,235.0,210.97
SBUX,Starbucks Corporation,98.76,,-1,2,3,Neutral,251,Daily,bull,Bullish bar,neutral,In line with trend,bear,Near 20-period SMA (below),neutral,No open gaps nearby,bull,%K above %D (bullish cross) · Wide,bear,Bearish zone,bear,Below SMA (acting as resistance),session (no premarket),99.56,93.64,bearish,95.9,R 38.2%,97.3,R 61.8%,93.64,E 100.0%,92.03,E 127.2%,89.98,E 161.8%,1.61,2.76,4.23,93.64,E 100.0%,98.29,,95.04,95.9,96.6,97.3,98.29,93.64,92.03,91.38,89.98,87.72,84.06
AMAT,"Applied Materials, Inc.",497.01,,-2,2,4,Moderately bearish,251,Daily,bear,Shooting star,bear,Above trend,bull,Wide divergence above SMA,neutral,No open gaps nearby,bear,%K below %D (bearish cross),bear,Overbought (> +100),bull,Above SMA (acting as support),session (no premarket),534.44,438.22,bearish,474.98,R 38.2%,497.68,R 61.8%,438.22,E 100.0%,412.05,E 127.2%,378.76,E 161.8%,1.62,2.77,4.24,438.22,E 100.0%,486.33,497.68,460.93,474.98,486.33,497.68,513.85,438.22,412.05,401.46,378.76,342.0,282.54
INSM,Insmed Incorporated,91.88,,-2,2,4,Moderately bearish,251,Daily,bear,Bearish bar,bear,Above trend,bear,Wide divergence below SMA,neutral,No open gaps nearby,bull,Oversold,bull,Oversold (< -100),bear,Below SMA (acting as resistance),session (no premarket),106.79,90.39,bearish,96.65,R 38.2%,100.53,R 61.8%,90.39,E 100.0%,85.93,E 127.2%,80.25,E 161.8%,1.61,2.76,4.23,90.39,E 100.0%,90.39,94.26,94.26,96.65,98.59,100.53,103.28,90.39,85.93,84.13,80.25,73.99,63.85
KDP,Keurig Dr Pepper Inc.,31.7,,-2,2,4,Moderately bearish,251,Daily,bear,Bearish bar,bear,Above trend,bull,Wide divergence above SMA,neutral,No open gaps nearby,bear,Overbought,bear,Overbought (> +100),bull,Above SMA (acting as support),session (no premarket),32.28,29.67,bearish,30.67,R 38.2%,31.28,R 61.8%,29.67,E 100.0%,28.96,E 127.2%,28.06,E 161.8%,1.64,2.8,4.28,29.67,E 100.0%,31.28,31.72,30.28,30.67,30.97,31.28,31.72,29.67,28.96,28.67,28.06,27.06,25.46
XEL,Xcel Energy Inc.,78.1,,-2,2,4,Moderately bearish,251,Daily,bear,Bearish bar,bear,Above trend,bear,Near 20-period SMA (below),neutral,No open gaps nearby,bull,%K above %D (bullish cross),bear,Bearish zone,bull,Bounce off prior support,session (no premarket),79.88,76.16,bearish,77.58,R 38.2%,78.46,R 61.8%,76.16,E 100.0%,75.15,E 127.2%,73.86,E 161.8%,1.61,2.76,4.23,76.16,E 100.0%,78.02,78.46,77.04,77.58,78.02,78.46,79.08,76.16,75.15,74.74,73.86,72.44,70.14
ASML,ASML Holding N.V.,1734.19,,-2,2,4,Moderately bearish,251,Daily,bear,Shooting star,bear,Significantly above trend,bull,Wide divergence above SMA,neutral,No open gaps nearby,bear,%K below %D (bearish cross),bear,Overbought (> +100),bull,Above SMA (acting as support),session (no premarket),1831.11,1585.61,bearish,1679.39,R 38.2%,1737.33,R 61.8%,1585.61,E 100.0%,1518.83,E 127.2%,1433.89,E 161.8%,1.62,2.77,4.24,1585.61,E 100.0%,1708.36,1737.33,1643.55,1679.39,1708.36,1737.33,1778.57,1585.61,1518.83,1491.83,1433.89,1340.11,1188.39
REGN,"Regeneron Pharmaceuticals, Inc.",601.65,,-2,2,4,Moderately bearish,251,Daily,bull,Stale red (3-bar reversal),neutral,Significantly below trend,bear,Wide divergence below SMA,bear,1 open gap(s) above (resistance),bull,Oversold,bear,Bearish zone,bear,Below SMA (acting as resistance),session (no premarket),640.82,591.52,bearish,610.35,R 38.2%,621.99,R 61.8%,591.52,E 100.0%,578.11,E 127.2%,561.05,E 161.8%,1.62,2.77,4.24,591.52,E 100.0%,591.52,603.15,603.15,610.35,616.17,621.99,630.27,591.52,578.11,572.69,561.05,542.22,511.75
KLAC,KLA Corporation,2135.64,,-2,2,4,Moderately bearish,251,Daily,bear,Shooting star,bear,Significantly above trend,bull,Wide divergence above SMA,neutral,No open gaps nearby,bear,%K below %D (bearish cross),bear,Overbought (> +100),bull,Above SMA (acting as support),session (no premarket),2304.41,1886.0,bearish,2045.83,R 38.2%,2144.57,R 61.8%,1886.0,E 100.0%,1772.19,E 127.2%,1627.43,E 161.8%,1.62,2.77,4.24,1886.0,E 100.0%,2095.2,2144.57,1984.74,2045.83,2095.2,2144.57,2214.87,1886.0,1772.19,1726.17,1627.43,1467.59,1209.02
CSCO,"Cisco Systems, Inc.",118.8,,-3,1,4,Moderately bearish,251,Daily,bear,Bearish bar,neutral,Significantly below trend,bear,Near 20-period SMA (below),neutral,No open gaps nearby,bear,%K below %D (bearish cross),bull,Bullish zone,bear,Below SMA (acting as resistance),session (no premarket),130.37,117.1,bearish,122.17,R 38.2%,125.3,R 61.8%,117.1,E 100.0%,113.49,E 127.2%,108.9,E 161.8%,1.62,2.77,4.24,117.1,E 100.0%,117.1,120.23,120.23,122.17,123.73,125.3,127.53,117.1,113.49,112.03,108.9,103.83,95.63
MPWR,"Monolithic Power Systems, Inc.",1473.04,,-3,1,4,Moderately bearish,251,Daily,bull,Stale red (3-bar reversal),neutral,In line with trend,bear,Wide divergence below SMA,neutral,No open gaps nearby,bear,%K below %D (bearish cross) · Wide,bear,Bearish zone,bear,Below SMA (acting as resistance),session (no premarket),1697.35,1405.0,bearish,1516.68,R 38.2%,1585.67,R 61.8%,1405.0,E 100.0%,1325.48,E 127.2%,1224.33,E 161.8%,1.62,2.77,4.24,1405.0,E 100.0%,1405.0,1473.99,1473.99,1516.68,1551.17,1585.67,1634.79,1405.0,1325.48,1293.32,1224.33,1112.65,931.98
STX,Seagate Technology Holdings plc,815.99,,-3,1,4,Moderately bearish,251,Daily,bull,Stale red (3-bar reversal),neutral,In line with trend,bear,Near 20-period SMA (below),neutral,No open gaps nearby,bear,%K below %D (bearish cross) · Wide,bear,Bearish zone · Zero-line cross ↓,bear,Below SMA (acting as resistance),session (no premarket),966.8,801.89,bearish,864.89,R 38.2%,903.8,R 61.8%,801.89,E 100.0%,757.03,E 127.2%,699.98,E 161.8%,1.62,2.77,4.24,801.89,E 100.0%,801.89,840.81,840.81,864.89,884.35,903.8,931.51,801.89,757.03,738.89,699.98,636.98,535.07
WDC,Western Digital Corporation,490.09,,-3,1,4,Moderately bearish,251,Daily,bull,Stale red (3-bar reversal),neutral,In line with trend,bear,Near 20-period SMA (below),neutral,No open gaps nearby,bear,%K below %D (bearish cross) · Wide,bear,Bearish zone · Zero-line cross ↓,bear,Below SMA (acting as resistance),session (no premarket),602.38,480.87,bearish,527.29,R 38.2%,555.96,R 61.8%,480.87,E 100.0%,447.82,E 127.2%,405.77,E 161.8%,1.62,2.77,4.24,480.87,E 100.0%,480.87,509.55,509.55,527.29,541.63,555.96,576.38,480.87,447.82,434.45,405.77,359.36,284.26
APP,AppLovin Corporation,492.98,,-3,1,4,Moderately bearish,251,Daily,bear,Bearish bar,neutral,In line with trend,bear,Wide divergence below SMA,neutral,No open gaps nearby,bull,Oversold · Wide divergence,bear,Bearish zone,bear,Below SMA (acting as resistance),session (no premarket),622.0,492.63,bearish,542.05,R 38.2%,572.58,R 61.8%,492.63,E 100.0%,457.44,E 127.2%,412.68,E 161.8%,1.62,2.77,4.24,492.63,E 100.0%,492.63,523.16,523.16,542.05,557.32,572.58,594.31,492.63,457.44,443.21,412.68,363.26,283.31
ARM,Arm Holdings plc American Depositary Shares,307.43,,-3,1,4,Moderately bearish,251,Daily,bear,Shooting star,neutral,Significantly below trend,bear,Near 20-period SMA (below),neutral,No open gaps nearby,bear,%K below %D (bearish cross) · Wide,bull,Bullish zone,bear,Below SMA (acting as resistance),session (no premarket),427.99,298.38,bearish,347.89,R 38.2%,378.48,R 61.8%,298.38,E 100.0%,263.13,E 127.2%,218.28,E 161.8%,1.62,2.77,4.24,298.38,E 100.0%,298.38,328.97,328.97,347.89,363.18,378.48,400.25,298.38,263.13,248.87,218.28,168.77,88.67
BKR,Baker Hughes Company,63.02,,-3,1,4,Moderately bearish,251,Daily,bear,Shooting star,neutral,In line with trend,bear,Near 20-period SMA (below),neutral,No open gaps nearby,bull,Oversold,bear,Bearish zone,bear,Below SMA (acting as resistance),session (no premarket),66.24,62.34,bearish,63.83,R 38.2%,64.75,R 61.8%,62.34,E 100.0%,61.28,E 127.2%,59.93,E 161.8%,1.62,2.77,4.24,62.34,E 100.0%,62.34,63.26,63.26,63.83,64.29,64.75,65.41,62.34,61.28,60.85,59.93,58.44,56.03
WBD,"Warner Bros. Discovery, Inc.",26.23,,-3,1,4,Moderately bearish,251,Daily,bear,Bearish engulfing,neutral,Significantly below trend,bear,Near 20-period SMA (below),neutral,No open gaps nearby,bear,%K below %D (bearish cross),bull,Oversold (< -100),bear,Break below prior support,session (no premarket),27.36,25.91,bearish,26.46,R 38.2%,26.81,R 61.8%,25.91,E 100.0%,25.52,E 127.2%,25.01,E 161.8%,1.57,2.69,4.14,25.91,E 100.0%,25.91,26.25,26.25,26.46,26.64,26.81,27.05,25.91,25.52,25.36,25.01,24.46,23.56
DDOG,"Datadog, Inc.",227.63,,-3,1,4,Moderately bearish,251,Daily,bull,Bullish bar,neutral,Significantly below trend,bear,Near 20-period SMA (below),neutral,No open gaps nearby,bear,%K below %D (bearish cross),bear,Bearish zone · Zero-line cross ↓,bear,Below SMA (acting as resistance),session (no premarket),278.7,219.08,bearish,241.86,R 38.2%,255.93,R 61.8%,219.08,E 100.0%,202.86,E 127.2%,182.23,E 161.8%,1.62,2.77,4.24,219.08,E 100.0%,219.08,233.15,233.15,241.86,248.89,255.93,265.95,219.08,202.86,196.3,182.23,159.46,122.61
CPRT,"Copart, Inc.",31.36,,-3,1,4,Moderately bearish,251,Daily,bear,Stale green (3-bar exhaustion),neutral,In line with trend,bear,Near 20-period SMA (below),neutral,No open gaps nearby,bull,%K above %D (bullish cross),bear,Bearish zone,bear,Below SMA (acting as resistance),session (no premarket),32.95,29.97,bearish,31.11,R 38.2%,31.81,R 61.8%,29.97,E 100.0%,29.16,E 127.2%,28.13,E 161.8%,1.63,2.79,4.26,29.97,E 100.0%,31.11,31.46,30.67,31.11,31.46,31.81,32.31,29.97,29.16,28.83,28.13,26.99,25.15
AMD,"Advanced Micro Devices, Inc.",452.4,,-3,1,4,Moderately bearish,251,Daily,bear,Bearish bar,neutral,In line with trend,bear,Wide divergence below SMA,neutral,No open gaps nearby,bull,Oversold · Wide divergence,bear,Bearish zone,bear,Below SMA (acting as resistance),session (no premarket),546.44,437.23,bearish,478.95,R 38.2%,504.72,R 61.8%,437.23,E 100.0%,407.52,E 127.2%,369.74,E 161.8%,1.62,2.77,4.24,437.23,E 100.0%,437.23,463.0,463.0,478.95,491.84,504.72,523.07,437.23,407.52,395.51,369.74,328.02,260.53
MELI,"MercadoLibre, Inc.",1588.29,,-3,1,4,Moderately bearish,251,Daily,bear,Bearish bar,neutral,Significantly below trend,bear,Near 20-period SMA (below),neutral,No open gaps nearby,bull,Oversold · Wide divergence,bear,Bearish zone · Zero-line cross ↓,bear,Below SMA (acting as resistance),session (no premarket),1733.78,1579.24,bearish,1638.28,R 38.2%,1674.75,R 61.8%,1579.24,E 100.0%,1537.21,E 127.2%,1483.74,E 161.8%,1.62,2.77,4.24,1579.24,E 100.0%,1579.24,1615.72,1615.72,1638.28,1656.51,1674.75,1700.71,1579.24,1537.21,1520.21,1483.74,1424.71,1329.21
TMUS,"T-Mobile US, Inc.",185.55,,-3,1,4,Moderately bearish,251,Daily,bear,Stale green (3-bar exhaustion),neutral,In line with trend,bear,Near 20-period SMA (below),neutral,No open gaps nearby,bull,%K above %D (bullish cross) · Wide,bear,Bearish zone,bear,Below SMA (acting as resistance),session (no premarket),189.07,174.02,bearish,179.77,R 38.2%,183.32,R 61.8%,174.02,E 100.0%,169.93,E 127.2%,164.72,E 161.8%,1.62,2.77,4.24,174.02,E 100.0%,183.32,185.85,177.57,179.77,181.55,183.32,185.85,174.02,169.93,168.27,164.72,158.97,149.67
CHTR,"Charter Communications, Inc.",137.79,,-3,1,4,Moderately bearish,251,Daily,bear,Stale green (3-bar exhaustion),neutral,In line with trend,bear,Near 20-period SMA (below),neutral,No open gaps nearby,bull,%K above %D (bullish cross),bear,Bearish zone,bear,Below SMA (acting as resistance),session (no premarket),146.17,126.7,bearish,134.14,R 38.2%,138.73,R 61.8%,126.7,E 100.0%,121.4,E 127.2%,114.67,E 161.8%,1.62,2.78,4.24,126.7,E 100.0%,136.43,138.73,131.29,134.14,136.43,138.73,142.0,126.7,121.4,119.26,114.67,107.23,95.2
ADI,"Analog Devices, Inc.",392.67,,-3,1,4,Moderately bearish,251,Daily,bull,Stale red (3-bar reversal),neutral,In line with trend,bear,Near 20-period SMA (below),neutral,No open gaps nearby,bear,%K below %D (bearish cross),bear,Bearish zone,bear,Below SMA (acting as resistance),session (no premarket),439.7,383.32,bearish,404.86,R 38.2%,418.16,R 61.8%,383.32,E 100.0%,367.98,E 127.2%,348.48,E 161.8%,1.62,2.77,4.24,383.32,E 100.0%,383.32,396.63,396.63,404.86,411.51,418.16,427.63,383.32,367.98,361.78,348.48,326.94,292.1
VRTX,Vertex Pharmaceuticals Incorporated,435.71,,-3,1,4,Moderately bearish,251,Daily,bull,Stale red (3-bar reversal),neutral,In line with trend,bear,Near 20-period SMA (below),neutral,No open gaps nearby,bear,%K below %D (bearish cross) · Wide,bear,Bearish zone · Zero-line cross ↓,bear,Below SMA (acting as resistance),session (no premarket),453.16,420.01,bearish,432.67,R 38.2%,440.5,R 61.8%,420.01,E 100.0%,410.99,E 127.2%,399.52,E 161.8%,1.62,2.77,4.23,420.01,E 100.0%,432.67,436.59,427.83,432.67,436.59,440.5,446.07,420.01,410.99,407.35,399.52,386.86,366.37
CTSH,Cognizant Technology Solutions Corporation,51.81,,-3,1,4,Moderately bearish,251,Daily,bear,Bearish bar,neutral,In line with trend,bear,Near 20-period SMA (below),neutral,No open gaps nearby,bear,%K below %D (bearish cross) · Wide,bull,Bullish zone,bear,Below SMA (acting as resistance),session (no premarket),57.65,51.58,bearish,53.9,R 38.2%,55.33,R 61.8%,51.58,E 100.0%,49.93,E 127.2%,47.83,E 161.8%,1.62,2.78,4.24,51.58,E 100.0%,51.58,53.01,53.01,53.9,54.62,55.33,56.35,51.58,49.93,49.26,47.83,45.51,41.76
CMCSA,Comcast Corporation,23.97,,-3,1,4,Moderately bearish,251,Daily,bear,Bearish bar,neutral,Significantly below trend,bear,Near 20-period SMA (below),neutral,No open gaps nearby,bull,%K above %D (bullish cross),bear,Bearish zone,bear,Below SMA (acting as resistance),session (no premarket),25.13,23.13,bearish,23.89,R 38.2%,24.37,R 61.8%,23.13,E 100.0%,22.59,E 127.2%,21.89,E 161.8%,1.58,2.71,4.17,23.13,E 100.0%,23.89,24.13,23.6,23.89,24.13,24.37,24.7,23.13,22.59,22.37,21.89,21.13,19.89
INTU,Intuit Inc.,284.22,,-3,1,4,Moderately bearish,251,Daily,bear,Shooting star,neutral,In line with trend,bear,Wide divergence below SMA,neutral,No open gaps nearby,bull,Oversold,bear,Bearish zone,bear,Below SMA (acting as resistance),session (no premarket),363.18,281.93,bearish,312.97,R 38.2%,332.14,R 61.8%,281.93,E 100.0%,259.83,E 127.2%,231.72,E 161.8%,1.62,2.77,4.24,281.93,E 100.0%,281.93,301.1,301.1,312.97,322.55,332.14,345.79,281.93,259.83,250.89,231.72,200.68,150.47
INTC,Intel Corporation,107.04,,-3,1,4,Moderately bearish,251,Daily,bull,Bullish harami,neutral,In line with trend,bear,Wide divergence below SMA,neutral,No open gaps nearby,bear,%K below %D (bearish cross),bear,Bearish zone,bear,Below SMA (acting as resistance),session (no premarket),118.29,98.33,bearish,105.95,R 38.2%,110.67,R 61.8%,98.33,E 100.0%,92.9,E 127.2%,85.99,E 161.8%,1.61,2.76,4.23,98.33,E 100.0%,105.95,108.31,103.04,105.95,108.31,110.67,114.02,98.33,92.9,90.71,85.99,78.37,66.03
FANG,"Diamondback Energy, Inc.",196.55,,-4,1,5,Strong bearish,251,Daily,bear,Bearish bar,bear,Above trend,bear,Near 20-period SMA (below),neutral,No open gaps nearby,bull,%K above %D (bullish cross),bear,Bearish zone,bear,Below SMA (acting as resistance),session (no premarket),211.69,191.91,bearish,199.47,R 38.2%,204.13,R 61.8%,191.91,E 100.0%,186.53,E 127.2%,179.69,E 161.8%,1.62,2.78,4.24,191.91,E 100.0%,191.91,196.58,196.58,199.47,201.8,204.13,207.46,191.91,186.53,184.35,179.69,172.13,159.91
ALNY,"Alnylam Pharmaceuticals, Inc.",291.22,,-5,0,5,Strong bearish,251,Daily,bear,Bearish bar,neutral,In line with trend,bear,Near 20-period SMA (below),neutral,No open gaps nearby,bear,%K below %D (bearish cross),bear,Bearish zone · Zero-line cross ↓,bear,Below SMA (acting as resistance),session (no premarket),310.53,283.1,bearish,293.58,R 38.2%,300.05,R 61.8%,283.1,E 100.0%,275.64,E 127.2%,266.15,E 161.8%,1.62,2.77,4.24,283.1,E 100.0%,289.57,293.58,289.57,293.58,296.82,300.05,304.66,283.1,275.64,272.62,266.15,255.67,238.72
TEAM,Atlassian Corporation,91.54,,-5,0,5,Strong bearish,251,Daily,bear,Shooting star,neutral,Significantly below trend,bear,Near 20-period SMA (below),neutral,No open gaps nearby,bear,%K below %D (bearish cross),bear,Bearish zone · Zero-line cross ↓,bear,Below SMA (acting as resistance),session (no premarket),119.38,91.08,bearish,101.89,R 38.2%,108.57,R 61.8%,91.08,E 100.0%,83.38,E 127.2%,73.59,E 161.8%,1.62,2.77,4.24,91.08,E 100.0%,91.08,97.76,97.76,101.89,105.23,108.57,113.32,91.08,83.38,80.27,73.59,62.78,45.28
BKNG,Booking Holdings Inc.,160.64,,-5,0,5,Strong bearish,251,Daily,bear,Bearish bar,neutral,In line with trend,bear,Near 20-period SMA (below),neutral,No open gaps nearby,bear,%K below %D (bearish cross),bear,Bearish zone · Zero-line cross ↓,bear,Below SMA (acting as resistance),session (no premarket),171.92,159.23,bearish,164.07,R 38.2%,167.07,R 61.8%,159.23,E 100.0%,155.77,E 127.2%,151.38,E 161.8%,1.61,2.77,4.23,159.23,E 100.0%,159.23,162.22,162.22,164.07,165.57,167.07,169.2,159.23,155.77,154.38,151.38,146.53,138.68
ISRG,"Intuitive Surgical, Inc.",412.02,,-6,0,6,Strong bearish,251,Daily,bear,Bearish bar,neutral,In line with trend,bear,Near 20-period SMA (below),bear,1 open gap(s) above (resistance),bear,%K below %D (bearish cross),bear,Bearish zone,bear,Break below prior support,session (no premarket),430.85,396.68,bearish,409.73,R 38.2%,417.8,R 61.8%,396.68,E 100.0%,387.39,E 127.2%,375.56,E 161.8%,1.62,2.77,4.23,396.68,E 100.0%,409.73,413.76,404.74,409.73,413.76,417.8,423.54,396.68,387.39,383.63,375.56,362.51,341.39
